id,year,questionNumber,createdBy,importBy,answerKeyUpdated,answerKeyUpdatedBy,source
rme_1999_q1,1999,1,"system_import_2024","",false,"","BECE 1999 RME"
rme_1999_q10,1999,10,"system_import_2024","",false,"","BECE 1999 RME"
rme_1999_q11,1999,11,"system_import_2024","",false,"","BECE 1999 RME"
rme_1999_q12,1999,12,"system_import_2024","",false,"","BECE 1999 RME"
rme_1999_q13,1999,13,"system_import_2024","",false,"","BECE 1999 RME"
rme_1999_q14,1999,14,"system_import_2024","",false,"","BECE 1999 RME"
rme_1999_q15,1999,15,"system_import_2024","",false,"","BECE 1999 RME"
rme_1999_q16,1999,16,"system_import_2024","",false,"","BECE 1999 RME"
rme_1999_q17,1999,17,"system_import_2024","",false,"","BECE 1999 RME"
rme_1999_q18,1999,18,"system_import_2024","",false,"","BECE 1999 RME"
rme_1999_q19,1999,19,"system_import_2024","",false,"","BECE 1999 RME"
rme_1999_q2,1999,2,"system_import_2024","",false,"","BECE 1999 RME"
rme_1999_q20,1999,20,"system_import_2024","",false,"","BECE 1999 RME"
rme_1999_q21,1999,21,"system_import_2024","",false,"","BECE 1999 RME"
rme_1999_q22,1999,22,"system_import_2024","",false,"","BECE 1999 RME"
rme_1999_q23,1999,23,"system_import_2024","",false,"","BECE 1999 RME"
rme_1999_q24,1999,24,"system_import_2024","",false,"","BECE 1999 RME"
rme_1999_q25,1999,25,"system_import_2024","",false,"","BECE 1999 RME"
rme_1999_q26,1999,26,"system_import_2024","",false,"","BECE 1999 RME"
rme_1999_q27,1999,27,"system_import_2024","",false,"","BECE 1999 RME"
rme_1999_q28,1999,28,"system_import_2024","",false,"","BECE 1999 RME"
rme_1999_q29,1999,29,"system_import_2024","",false,"","BECE 1999 RME"
rme_1999_q3,1999,3,"system_import_2024","",false,"","BECE 1999 RME"
rme_1999_q30,1999,30,"system_import_2024","",false,"","BECE 1999 RME"
rme_1999_q31,1999,31,"system_import_2024","",false,"","BECE 1999 RME"
rme_1999_q32,1999,32,"system_import_2024","",false,"","BECE 1999 RME"
rme_1999_q33,1999,33,"system_import_2024","",false,"","BECE 1999 RME"
rme_1999_q34,1999,34,"system_import_2024","",false,"","BECE 1999 RME"
rme_1999_q35,1999,35,"system_import_2024","",false,"","BECE 1999 RME"
rme_1999_q36,1999,36,"system_import_2024","",false,"","BECE 1999 RME"
rme_1999_q37,1999,37,"system_import_2024","",false,"","BECE 1999 RME"
rme_1999_q38,1999,38,"system_import_2024","",false,"","BECE 1999 RME"
rme_1999_q39,1999,39,"system_import_2024","",false,"","BECE 1999 RME"
rme_1999_q4,1999,4,"system_import_2024","",false,"","BECE 1999 RME"
rme_1999_q40,1999,40,"system_import_2024","",false,"","BECE 1999 RME"
rme_1999_q5,1999,5,"system_import_2024","",false,"","BECE 1999 RME"
rme_1999_q6,1999,6,"system_import_2024","",false,"","BECE 1999 RME"
rme_1999_q7,1999,7,"system_import_2024","",false,"","BECE 1999 RME"
rme_1999_q8,1999,8,"system_import_2024","",false,"","BECE 1999 RME"
rme_1999_q9,1999,9,"system_import_2024","",false,"","BECE 1999 RME"
rme_2000_q1,2000,1,"system_import_2024","",false,"","BECE 2000 RME"
rme_2000_q10,2000,10,"system_import_2024","",false,"","BECE 2000 RME"
rme_2000_q11,2000,11,"system_import_2024","",false,"","BECE 2000 RME"
rme_2000_q12,2000,12,"system_import_2024","",false,"","BECE 2000 RME"
rme_2000_q13,2000,13,"system_import_2024","",false,"","BECE 2000 RME"
rme_2000_q14,2000,14,"system_import_2024","",false,"","BECE 2000 RME"
rme_2000_q15,2000,15,"system_import_2024","",false,"","BECE 2000 RME"
rme_2000_q16,2000,16,"system_import_2024","",false,"","BECE 2000 RME"
rme_2000_q17,2000,17,"system_import_2024","",false,"","BECE 2000 RME"
rme_2000_q18,2000,18,"system_import_2024","",false,"","BECE 2000 RME"
rme_2000_q19,2000,19,"system_import_2024","",false,"","BECE 2000 RME"
rme_2000_q2,2000,2,"system_import_2024","",false,"","BECE 2000 RME"
rme_2000_q20,2000,20,"system_import_2024","",false,"","BECE 2000 RME"
rme_2000_q21,2000,21,"system_import_2024","",false,"","BECE 2000 RME"
rme_2000_q22,2000,22,"system_import_2024","",false,"","BECE 2000 RME"
rme_2000_q23,2000,23,"system_import_2024","",false,"","BECE 2000 RME"
rme_2000_q24,2000,24,"system_import_2024","",false,"","BECE 2000 RME"
rme_2000_q25,2000,25,"system_import_2024","",false,"","BECE 2000 RME"
rme_2000_q26,2000,26,"system_import_2024","",false,"","BECE 2000 RME"
rme_2000_q27,2000,27,"system_import_2024","",false,"","BECE 2000 RME"
rme_2000_q28,2000,28,"system_import_2024","",false,"","BECE 2000 RME"
rme_2000_q29,2000,29,"system_import_2024","",false,"","BECE 2000 RME"
rme_2000_q3,2000,3,"system_import_2024","",false,"","BECE 2000 RME"
rme_2000_q30,2000,30,"system_import_2024","",false,"","BECE 2000 RME"
rme_2000_q31,2000,31,"system_import_2024","",false,"","BECE 2000 RME"
rme_2000_q32,2000,32,"system_import_2024","",false,"","BECE 2000 RME"
rme_2000_q33,2000,33,"system_import_2024","",false,"","BECE 2000 RME"
rme_2000_q34,2000,34,"system_import_2024","",false,"","BECE 2000 RME"
rme_2000_q35,2000,35,"system_import_2024","",false,"","BECE 2000 RME"
rme_2000_q36,2000,36,"system_import_2024","",false,"","BECE 2000 RME"
rme_2000_q37,2000,37,"system_import_2024","",false,"","BECE 2000 RME"
rme_2000_q38,2000,38,"system_import_2024","",false,"","BECE 2000 RME"
rme_2000_q39,2000,39,"system_import_2024","",false,"","BECE 2000 RME"
rme_2000_q4,2000,4,"system_import_2024","",false,"","BECE 2000 RME"
rme_2000_q40,2000,40,"system_import_2024","",false,"","BECE 2000 RME"
rme_2000_q5,2000,5,"system_import_2024","",false,"","BECE 2000 RME"
rme_2000_q6,2000,6,"system_import_2024","",false,"","BECE 2000 RME"
rme_2000_q7,2000,7,"system_import_2024","",false,"","BECE 2000 RME"
rme_2000_q8,2000,8,"system_import_2024","",false,"","BECE 2000 RME"
rme_2000_q9,2000,9,"system_import_2024","",false,"","BECE 2000 RME"
rme_2001_q1,2001,1,"system_import_2024","",false,"","BECE 2001 RME"
rme_2001_q10,2001,10,"system_import_2024","",false,"","BECE 2001 RME"
rme_2001_q11,2001,11,"system_import_2024","",false,"","BECE 2001 RME"
rme_2001_q12,2001,12,"system_import_2024","",false,"","BECE 2001 RME"
rme_2001_q13,2001,13,"system_import_2024","",false,"","BECE 2001 RME"
rme_2001_q14,2001,14,"system_import_2024","",false,"","BECE 2001 RME"
rme_2001_q15,2001,15,"system_import_2024","",false,"","BECE 2001 RME"
rme_2001_q16,2001,16,"system_import_2024","",false,"","BECE 2001 RME"
rme_2001_q17,2001,17,"system_import_2024","",false,"","BECE 2001 RME"
rme_2001_q18,2001,18,"system_import_2024","",false,"","BECE 2001 RME"
rme_2001_q19,2001,19,"system_import_2024","",false,"","BECE 2001 RME"
rme_2001_q2,2001,2,"system_import_2024","",false,"","BECE 2001 RME"
rme_2001_q20,2001,20,"system_import_2024","",false,"","BECE 2001 RME"
rme_2001_q21,2001,21,"system_import_2024","",false,"","BECE 2001 RME"
rme_2001_q22,2001,22,"system_import_2024","",false,"","BECE 2001 RME"
rme_2001_q23,2001,23,"system_import_2024","",false,"","BECE 2001 RME"
rme_2001_q24,2001,24,"system_import_2024","",false,"","BECE 2001 RME"
rme_2001_q25,2001,25,"system_import_2024","",false,"","BECE 2001 RME"
rme_2001_q26,2001,26,"system_import_2024","",false,"","BECE 2001 RME"
rme_2001_q27,2001,27,"system_import_2024","",false,"","BECE 2001 RME"
rme_2001_q28,2001,28,"system_import_2024","",false,"","BECE 2001 RME"
rme_2001_q29,2001,29,"system_import_2024","",false,"","BECE 2001 RME"
rme_2001_q3,2001,3,"system_import_2024","",false,"","BECE 2001 RME"
rme_2001_q30,2001,30,"system_import_2024","",false,"","BECE 2001 RME"
rme_2001_q31,2001,31,"system_import_2024","",false,"","BECE 2001 RME"
rme_2001_q32,2001,32,"system_import_2024","",false,"","BECE 2001 RME"
rme_2001_q33,2001,33,"system_import_2024","",false,"","BECE 2001 RME"
rme_2001_q34,2001,34,"system_import_2024","",false,"","BECE 2001 RME"
rme_2001_q35,2001,35,"system_import_2024","",false,"","BECE 2001 RME"
rme_2001_q36,2001,36,"system_import_2024","",false,"","BECE 2001 RME"
rme_2001_q37,2001,37,"system_import_2024","",false,"","BECE 2001 RME"
rme_2001_q38,2001,38,"system_import_2024","",false,"","BECE 2001 RME"
rme_2001_q39,2001,39,"system_import_2024","",false,"","BECE 2001 RME"
rme_2001_q4,2001,4,"system_import_2024","",false,"","BECE 2001 RME"
rme_2001_q40,2001,40,"system_import_2024","",false,"","BECE 2001 RME"
rme_2001_q5,2001,5,"system_import_2024","",false,"","BECE 2001 RME"
rme_2001_q6,2001,6,"system_import_2024","",false,"","BECE 2001 RME"
rme_2001_q7,2001,7,"system_import_2024","",false,"","BECE 2001 RME"
rme_2001_q8,2001,8,"system_import_2024","",false,"","BECE 2001 RME"
rme_2001_q9,2001,9,"system_import_2024","",false,"","BECE 2001 RME"
rme_2002_a_q1,2002,1,"system_import_2024","",false,"","BECE 2002 RME"
rme_2002_a_q10,2002,10,"system_import_2024","",false,"","BECE 2002 RME"
rme_2002_a_q11,2002,11,"system_import_2024","",false,"","BECE 2002 RME"
rme_2002_a_q12,2002,12,"system_import_2024","",false,"","BECE 2002 RME"
rme_2002_a_q13,2002,13,"system_import_2024","",false,"","BECE 2002 RME"
rme_2002_a_q14,2002,14,"system_import_2024","",false,"","BECE 2002 RME"
rme_2002_a_q15,2002,15,"system_import_2024","",false,"","BECE 2002 RME"
rme_2002_a_q16,2002,16,"system_import_2024","",false,"","BECE 2002 RME"
rme_2002_a_q17,2002,17,"system_import_2024","",false,"","BECE 2002 RME"
rme_2002_a_q18,2002,18,"system_import_2024","",false,"","BECE 2002 RME"
rme_2002_a_q19,2002,19,"system_import_2024","",false,"","BECE 2002 RME"
rme_2002_a_q2,2002,2,"system_import_2024","",false,"","BECE 2002 RME"
rme_2002_a_q20,2002,20,"system_import_2024","",false,"","BECE 2002 RME"
rme_2002_a_q21,2002,21,"system_import_2024","",false,"","BECE 2002 RME"
rme_2002_a_q22,2002,22,"system_import_2024","",false,"","BECE 2002 RME"
rme_2002_a_q23,2002,23,"system_import_2024","",false,"","BECE 2002 RME"
rme_2002_a_q24,2002,24,"system_import_2024","",false,"","BECE 2002 RME"
rme_2002_a_q25,2002,25,"system_import_2024","",false,"","BECE 2002 RME"
rme_2002_a_q26,2002,26,"system_import_2024","",false,"","BECE 2002 RME"
rme_2002_a_q27,2002,27,"system_import_2024","",false,"","BECE 2002 RME"
rme_2002_a_q28,2002,28,"system_import_2024","",false,"","BECE 2002 RME"
rme_2002_a_q29,2002,29,"system_import_2024","",false,"","BECE 2002 RME"
rme_2002_a_q3,2002,3,"system_import_2024","",false,"","BECE 2002 RME"
rme_2002_a_q30,2002,30,"system_import_2024","",false,"","BECE 2002 RME"
rme_2002_a_q31,2002,31,"system_import_2024","",false,"","BECE 2002 RME"
rme_2002_a_q32,2002,32,"system_import_2024","",false,"","BECE 2002 RME"
rme_2002_a_q33,2002,33,"system_import_2024","",false,"","BECE 2002 RME"
rme_2002_a_q34,2002,34,"system_import_2024","",false,"","BECE 2002 RME"
rme_2002_a_q35,2002,35,"system_import_2024","",false,"","BECE 2002 RME"
rme_2002_a_q36,2002,36,"system_import_2024","",false,"","BECE 2002 RME"
rme_2002_a_q37,2002,37,"system_import_2024","",false,"","BECE 2002 RME"
rme_2002_a_q38,2002,38,"system_import_2024","",false,"","BECE 2002 RME"
rme_2002_a_q39,2002,39,"system_import_2024","",false,"","BECE 2002 RME"
rme_2002_a_q4,2002,4,"system_import_2024","",false,"","BECE 2002 RME"
rme_2002_a_q40,2002,40,"system_import_2024","",false,"","BECE 2002 RME"
rme_2002_a_q5,2002,5,"system_import_2024","",false,"","BECE 2002 RME"
rme_2002_a_q6,2002,6,"system_import_2024","",false,"","BECE 2002 RME"
rme_2002_a_q7,2002,7,"system_import_2024","",false,"","BECE 2002 RME"
rme_2002_a_q8,2002,8,"system_import_2024","",false,"","BECE 2002 RME"
rme_2002_a_q9,2002,9,"system_import_2024","",false,"","BECE 2002 RME"
rme_2003_q1,2003,1,"system_import_2024","",false,"","BECE 2003 RME"
rme_2003_q10,2003,10,"system_import_2024","",false,"","BECE 2003 RME"
rme_2003_q11,2003,11,"system_import_2024","",false,"","BECE 2003 RME"
rme_2003_q12,2003,12,"system_import_2024","",false,"","BECE 2003 RME"
rme_2003_q13,2003,13,"system_import_2024","",false,"","BECE 2003 RME"
rme_2003_q14,2003,14,"system_import_2024","",false,"","BECE 2003 RME"
rme_2003_q15,2003,15,"system_import_2024","",false,"","BECE 2003 RME"
rme_2003_q16,2003,16,"system_import_2024","",false,"","BECE 2003 RME"
rme_2003_q17,2003,17,"system_import_2024","",false,"","BECE 2003 RME"
rme_2003_q18,2003,18,"system_import_2024","",false,"","BECE 2003 RME"
rme_2003_q19,2003,19,"system_import_2024","",false,"","BECE 2003 RME"
rme_2003_q2,2003,2,"system_import_2024","",false,"","BECE 2003 RME"
rme_2003_q20,2003,20,"system_import_2024","",false,"","BECE 2003 RME"
rme_2003_q21,2003,21,"system_import_2024","",false,"","BECE 2003 RME"
rme_2003_q22,2003,22,"system_import_2024","",false,"","BECE 2003 RME"
rme_2003_q23,2003,23,"system_import_2024","",false,"","BECE 2003 RME"
rme_2003_q24,2003,24,"system_import_2024","",false,"","BECE 2003 RME"
rme_2003_q25,2003,25,"system_import_2024","",false,"","BECE 2003 RME"
rme_2003_q26,2003,26,"system_import_2024","",false,"","BECE 2003 RME"
rme_2003_q27,2003,27,"system_import_2024","",false,"","BECE 2003 RME"
rme_2003_q28,2003,28,"system_import_2024","",false,"","BECE 2003 RME"
rme_2003_q29,2003,29,"system_import_2024","",false,"","BECE 2003 RME"
rme_2003_q3,2003,3,"system_import_2024","",false,"","BECE 2003 RME"
rme_2003_q30,2003,30,"system_import_2024","",false,"","BECE 2003 RME"
rme_2003_q31,2003,31,"system_import_2024","",false,"","BECE 2003 RME"
rme_2003_q32,2003,32,"system_import_2024","",false,"","BECE 2003 RME"
rme_2003_q33,2003,33,"system_import_2024","",false,"","BECE 2003 RME"
rme_2003_q34,2003,34,"system_import_2024","",false,"","BECE 2003 RME"
rme_2003_q35,2003,35,"system_import_2024","",false,"","BECE 2003 RME"
rme_2003_q36,2003,36,"system_import_2024","",false,"","BECE 2003 RME"
rme_2003_q37,2003,37,"system_import_2024","",false,"","BECE 2003 RME"
rme_2003_q38,2003,38,"system_import_2024","",false,"","BECE 2003 RME"
rme_2003_q39,2003,39,"system_import_2024","",false,"","BECE 2003 RME"
rme_2003_q4,2003,4,"system_import_2024","",false,"","BECE 2003 RME"
rme_2003_q40,2003,40,"system_import_2024","",false,"","BECE 2003 RME"
rme_2003_q5,2003,5,"system_import_2024","",false,"","BECE 2003 RME"
rme_2003_q6,2003,6,"system_import_2024","",false,"","BECE 2003 RME"
rme_2003_q7,2003,7,"system_import_2024","",false,"","BECE 2003 RME"
rme_2003_q8,2003,8,"system_import_2024","",false,"","BECE 2003 RME"
rme_2003_q9,2003,9,"system_import_2024","",false,"","BECE 2003 RME"
rme_2004_q1,2004,1,"system_import_2024","",false,"","BECE 2004 RME"
rme_2004_q10,2004,10,"system_import_2024","",false,"","BECE 2004 RME"
rme_2004_q11,2004,11,"system_import_2024","",false,"","BECE 2004 RME"
rme_2004_q12,2004,12,"system_import_2024","",false,"","BECE 2004 RME"
rme_2004_q13,2004,13,"system_import_2024","",false,"","BECE 2004 RME"
rme_2004_q14,2004,14,"system_import_2024","",false,"","BECE 2004 RME"
rme_2004_q15,2004,15,"system_import_2024","",false,"","BECE 2004 RME"
rme_2004_q16,2004,16,"system_import_2024","",false,"","BECE 2004 RME"
rme_2004_q17,2004,17,"system_import_2024","",false,"","BECE 2004 RME"
rme_2004_q18,2004,18,"system_import_2024","",false,"","BECE 2004 RME"
rme_2004_q19,2004,19,"system_import_2024","",false,"","BECE 2004 RME"
rme_2004_q2,2004,2,"system_import_2024","",false,"","BECE 2004 RME"
rme_2004_q20,2004,20,"system_import_2024","",false,"","BECE 2004 RME"
rme_2004_q21,2004,21,"system_import_2024","",false,"","BECE 2004 RME"
rme_2004_q22,2004,22,"system_import_2024","",false,"","BECE 2004 RME"
rme_2004_q23,2004,23,"system_import_2024","",false,"","BECE 2004 RME"
rme_2004_q24,2004,24,"system_import_2024","",false,"","BECE 2004 RME"
rme_2004_q25,2004,25,"system_import_2024","",false,"","BECE 2004 RME"
rme_2004_q26,2004,26,"system_import_2024","",false,"","BECE 2004 RME"
rme_2004_q27,2004,27,"system_import_2024","",false,"","BECE 2004 RME"
rme_2004_q28,2004,28,"system_import_2024","",false,"","BECE 2004 RME"
rme_2004_q29,2004,29,"system_import_2024","",false,"","BECE 2004 RME"
rme_2004_q3,2004,3,"system_import_2024","",false,"","BECE 2004 RME"
rme_2004_q30,2004,30,"system_import_2024","",false,"","BECE 2004 RME"
rme_2004_q31,2004,31,"system_import_2024","",false,"","BECE 2004 RME"
rme_2004_q32,2004,32,"system_import_2024","",false,"","BECE 2004 RME"
rme_2004_q33,2004,33,"system_import_2024","",false,"","BECE 2004 RME"
rme_2004_q34,2004,34,"system_import_2024","",false,"","BECE 2004 RME"
rme_2004_q35,2004,35,"system_import_2024","",false,"","BECE 2004 RME"
rme_2004_q36,2004,36,"system_import_2024","",false,"","BECE 2004 RME"
rme_2004_q37,2004,37,"system_import_2024","",false,"","BECE 2004 RME"
rme_2004_q38,2004,38,"system_import_2024","",false,"","BECE 2004 RME"
rme_2004_q39,2004,39,"system_import_2024","",false,"","BECE 2004 RME"
rme_2004_q4,2004,4,"system_import_2024","",false,"","BECE 2004 RME"
rme_2004_q40,2004,40,"system_import_2024","",false,"","BECE 2004 RME"
rme_2004_q5,2004,5,"system_import_2024","",false,"","BECE 2004 RME"
rme_2004_q6,2004,6,"system_import_2024","",false,"","BECE 2004 RME"
rme_2004_q7,2004,7,"system_import_2024","",false,"","BECE 2004 RME"
rme_2004_q8,2004,8,"system_import_2024","",false,"","BECE 2004 RME"
rme_2004_q9,2004,9,"system_import_2024","",false,"","BECE 2004 RME"
rme_2005_q1,2005,1,"system_import_2024","",false,"","BECE 2005 RME"
rme_2005_q10,2005,10,"system_import_2024","",false,"","BECE 2005 RME"
rme_2005_q11,2005,11,"system_import_2024","",false,"","BECE 2005 RME"
rme_2005_q12,2005,12,"system_import_2024","",false,"","BECE 2005 RME"
rme_2005_q13,2005,13,"system_import_2024","",false,"","BECE 2005 RME"
rme_2005_q14,2005,14,"system_import_2024","",false,"","BECE 2005 RME"
rme_2005_q15,2005,15,"system_import_2024","",false,"","BECE 2005 RME"
rme_2005_q16,2005,16,"system_import_2024","",false,"","BECE 2005 RME"
rme_2005_q17,2005,17,"system_import_2024","",false,"","BECE 2005 RME"
rme_2005_q18,2005,18,"system_import_2024","",false,"","BECE 2005 RME"
rme_2005_q19,2005,19,"system_import_2024","",false,"","BECE 2005 RME"
rme_2005_q2,2005,2,"system_import_2024","",false,"","BECE 2005 RME"
rme_2005_q20,2005,20,"system_import_2024","",false,"","BECE 2005 RME"
rme_2005_q21,2005,21,"system_import_2024","",false,"","BECE 2005 RME"
rme_2005_q22,2005,22,"system_import_2024","",false,"","BECE 2005 RME"
rme_2005_q23,2005,23,"system_import_2024","",false,"","BECE 2005 RME"
rme_2005_q24,2005,24,"system_import_2024","",false,"","BECE 2005 RME"
rme_2005_q25,2005,25,"system_import_2024","",false,"","BECE 2005 RME"
rme_2005_q26,2005,26,"system_import_2024","",false,"","BECE 2005 RME"
rme_2005_q27,2005,27,"system_import_2024","",false,"","BECE 2005 RME"
rme_2005_q28,2005,28,"system_import_2024","",false,"","BECE 2005 RME"
rme_2005_q29,2005,29,"system_import_2024","",false,"","BECE 2005 RME"
rme_2005_q3,2005,3,"system_import_2024","",false,"","BECE 2005 RME"
rme_2005_q30,2005,30,"system_import_2024","",false,"","BECE 2005 RME"
rme_2005_q31,2005,31,"system_import_2024","",false,"","BECE 2005 RME"
rme_2005_q32,2005,32,"system_import_2024","",false,"","BECE 2005 RME"
rme_2005_q33,2005,33,"system_import_2024","",false,"","BECE 2005 RME"
rme_2005_q34,2005,34,"system_import_2024","",false,"","BECE 2005 RME"
rme_2005_q35,2005,35,"system_import_2024","",false,"","BECE 2005 RME"
rme_2005_q36,2005,36,"system_import_2024","",false,"","BECE 2005 RME"
rme_2005_q37,2005,37,"system_import_2024","",false,"","BECE 2005 RME"
rme_2005_q38,2005,38,"system_import_2024","",false,"","BECE 2005 RME"
rme_2005_q39,2005,39,"system_import_2024","",false,"","BECE 2005 RME"
rme_2005_q4,2005,4,"system_import_2024","",false,"","BECE 2005 RME"
rme_2005_q40,2005,40,"system_import_2024","",false,"","BECE 2005 RME"
rme_2005_q5,2005,5,"system_import_2024","",false,"","BECE 2005 RME"
rme_2005_q6,2005,6,"system_import_2024","",false,"","BECE 2005 RME"
rme_2005_q7,2005,7,"system_import_2024","",false,"","BECE 2005 RME"
rme_2005_q8,2005,8,"system_import_2024","",false,"","BECE 2005 RME"
rme_2005_q9,2005,9,"system_import_2024","",false,"","BECE 2005 RME"
rme_2006_q1,2006,1,"system_import_2024","",false,"","BECE 2006 RME"
rme_2006_q10,2006,10,"system_import_2024","",false,"","BECE 2006 RME"
rme_2006_q11,2006,11,"system_import_2024","",false,"","BECE 2006 RME"
rme_2006_q12,2006,12,"system_import_2024","",false,"","BECE 2006 RME"
rme_2006_q13,2006,13,"system_import_2024","",false,"","BECE 2006 RME"
rme_2006_q14,2006,14,"system_import_2024","",false,"","BECE 2006 RME"
rme_2006_q15,2006,15,"system_import_2024","",false,"","BECE 2006 RME"
rme_2006_q16,2006,16,"system_import_2024","",false,"","BECE 2006 RME"
rme_2006_q17,2006,17,"system_import_2024","",false,"","BECE 2006 RME"
rme_2006_q18,2006,18,"system_import_2024","",false,"","BECE 2006 RME"
rme_2006_q19,2006,19,"system_import_2024","",false,"","BECE 2006 RME"
rme_2006_q2,2006,2,"system_import_2024","",false,"","BECE 2006 RME"
rme_2006_q20,2006,20,"system_import_2024","",false,"","BECE 2006 RME"
rme_2006_q21,2006,21,"system_import_2024","",false,"","BECE 2006 RME"
rme_2006_q22,2006,22,"system_import_2024","",false,"","BECE 2006 RME"
rme_2006_q23,2006,23,"system_import_2024","",false,"","BECE 2006 RME"
rme_2006_q24,2006,24,"system_import_2024","",false,"","BECE 2006 RME"
rme_2006_q25,2006,25,"system_import_2024","",false,"","BECE 2006 RME"
rme_2006_q26,2006,26,"system_import_2024","",false,"","BECE 2006 RME"
rme_2006_q27,2006,27,"system_import_2024","",false,"","BECE 2006 RME"
rme_2006_q28,2006,28,"system_import_2024","",false,"","BECE 2006 RME"
rme_2006_q29,2006,29,"system_import_2024","",false,"","BECE 2006 RME"
rme_2006_q3,2006,3,"system_import_2024","",false,"","BECE 2006 RME"
rme_2006_q30,2006,30,"system_import_2024","",false,"","BECE 2006 RME"
rme_2006_q31,2006,31,"system_import_2024","",false,"","BECE 2006 RME"
rme_2006_q32,2006,32,"system_import_2024","",false,"","BECE 2006 RME"
rme_2006_q33,2006,33,"system_import_2024","",false,"","BECE 2006 RME"
rme_2006_q34,2006,34,"system_import_2024","",false,"","BECE 2006 RME"
rme_2006_q35,2006,35,"system_import_2024","",false,"","BECE 2006 RME"
rme_2006_q36,2006,36,"system_import_2024","",false,"","BECE 2006 RME"
rme_2006_q37,2006,37,"system_import_2024","",false,"","BECE 2006 RME"
rme_2006_q38,2006,38,"system_import_2024","",false,"","BECE 2006 RME"
rme_2006_q39,2006,39,"system_import_2024","",false,"","BECE 2006 RME"
rme_2006_q4,2006,4,"system_import_2024","",false,"","BECE 2006 RME"
rme_2006_q40,2006,40,"system_import_2024","",false,"","BECE 2006 RME"
rme_2006_q5,2006,5,"system_import_2024","",false,"","BECE 2006 RME"
rme_2006_q6,2006,6,"system_import_2024","",false,"","BECE 2006 RME"
rme_2006_q7,2006,7,"system_import_2024","",false,"","BECE 2006 RME"
rme_2006_q8,2006,8,"system_import_2024","",false,"","BECE 2006 RME"
rme_2006_q9,2006,9,"system_import_2024","",false,"","BECE 2006 RME"
rme_2007_q1,2007,1,"system_import_2024","",false,"","BECE 2007 RME"
rme_2007_q10,2007,10,"system_import_2024","",false,"","BECE 2007 RME"
rme_2007_q11,2007,11,"system_import_2024","",false,"","BECE 2007 RME"
rme_2007_q12,2007,12,"system_import_2024","",false,"","BECE 2007 RME"
rme_2007_q13,2007,13,"system_import_2024","",false,"","BECE 2007 RME"
rme_2007_q14,2007,14,"system_import_2024","",false,"","BECE 2007 RME"
rme_2007_q15,2007,15,"system_import_2024","",false,"","BECE 2007 RME"
rme_2007_q16,2007,16,"system_import_2024","",false,"","BECE 2007 RME"
rme_2007_q17,2007,17,"system_import_2024","",false,"","BECE 2007 RME"
rme_2007_q18,2007,18,"system_import_2024","",false,"","BECE 2007 RME"
rme_2007_q19,2007,19,"system_import_2024","",false,"","BECE 2007 RME"
rme_2007_q2,2007,2,"system_import_2024","",false,"","BECE 2007 RME"
rme_2007_q20,2007,20,"system_import_2024","",false,"","BECE 2007 RME"
rme_2007_q21,2007,21,"system_import_2024","",false,"","BECE 2007 RME"
rme_2007_q22,2007,22,"system_import_2024","",false,"","BECE 2007 RME"
rme_2007_q23,2007,23,"system_import_2024","",false,"","BECE 2007 RME"
rme_2007_q24,2007,24,"system_import_2024","",false,"","BECE 2007 RME"
rme_2007_q25,2007,25,"system_import_2024","",false,"","BECE 2007 RME"
rme_2007_q26,2007,26,"system_import_2024","",false,"","BECE 2007 RME"
rme_2007_q27,2007,27,"system_import_2024","",false,"","BECE 2007 RME"
rme_2007_q28,2007,28,"system_import_2024","",false,"","BECE 2007 RME"
rme_2007_q29,2007,29,"system_import_2024","",false,"","BECE 2007 RME"
rme_2007_q3,2007,3,"system_import_2024","",false,"","BECE 2007 RME"
rme_2007_q30,2007,30,"system_import_2024","",false,"","BECE 2007 RME"
rme_2007_q31,2007,31,"system_import_2024","",false,"","BECE 2007 RME"
rme_2007_q32,2007,32,"system_import_2024","",false,"","BECE 2007 RME"
rme_2007_q33,2007,33,"system_import_2024","",false,"","BECE 2007 RME"
rme_2007_q34,2007,34,"system_import_2024","",false,"","BECE 2007 RME"
rme_2007_q35,2007,35,"system_import_2024","",false,"","BECE 2007 RME"
rme_2007_q36,2007,36,"system_import_2024","",false,"","BECE 2007 RME"
rme_2007_q37,2007,37,"system_import_2024","",false,"","BECE 2007 RME"
rme_2007_q38,2007,38,"system_import_2024","",false,"","BECE 2007 RME"
rme_2007_q39,2007,39,"system_import_2024","",false,"","BECE 2007 RME"
rme_2007_q4,2007,4,"system_import_2024","",false,"","BECE 2007 RME"
rme_2007_q40,2007,40,"system_import_2024","",false,"","BECE 2007 RME"
rme_2007_q5,2007,5,"system_import_2024","",false,"","BECE 2007 RME"
rme_2007_q6,2007,6,"system_import_2024","",false,"","BECE 2007 RME"
rme_2007_q7,2007,7,"system_import_2024","",false,"","BECE 2007 RME"
rme_2007_q8,2007,8,"system_import_2024","",false,"","BECE 2007 RME"
rme_2007_q9,2007,9,"system_import_2024","",false,"","BECE 2007 RME"
rme_2008_q1,2008,1,"system_import_2024","",false,"","BECE 2008 RME"
rme_2008_q10,2008,10,"system_import_2024","",false,"","BECE 2008 RME"
rme_2008_q11,2008,11,"system_import_2024","",false,"","BECE 2008 RME"
rme_2008_q12,2008,12,"system_import_2024","",false,"","BECE 2008 RME"
rme_2008_q13,2008,13,"system_import_2024","",false,"","BECE 2008 RME"
rme_2008_q14,2008,14,"system_import_2024","",false,"","BECE 2008 RME"
rme_2008_q15,2008,15,"system_import_2024","",false,"","BECE 2008 RME"
rme_2008_q16,2008,16,"system_import_2024","",false,"","BECE 2008 RME"
rme_2008_q17,2008,17,"system_import_2024","",false,"","BECE 2008 RME"
rme_2008_q18,2008,18,"system_import_2024","",false,"","BECE 2008 RME"
rme_2008_q19,2008,19,"system_import_2024","",false,"","BECE 2008 RME"
rme_2008_q2,2008,2,"system_import_2024","",false,"","BECE 2008 RME"
rme_2008_q20,2008,20,"system_import_2024","",false,"","BECE 2008 RME"
rme_2008_q21,2008,21,"system_import_2024","",false,"","BECE 2008 RME"
rme_2008_q22,2008,22,"system_import_2024","",false,"","BECE 2008 RME"
rme_2008_q23,2008,23,"system_import_2024","",false,"","BECE 2008 RME"
rme_2008_q24,2008,24,"system_import_2024","",false,"","BECE 2008 RME"
rme_2008_q25,2008,25,"system_import_2024","",false,"","BECE 2008 RME"
rme_2008_q26,2008,26,"system_import_2024","",false,"","BECE 2008 RME"
rme_2008_q27,2008,27,"system_import_2024","",false,"","BECE 2008 RME"
rme_2008_q28,2008,28,"system_import_2024","",false,"","BECE 2008 RME"
rme_2008_q29,2008,29,"system_import_2024","",false,"","BECE 2008 RME"
rme_2008_q3,2008,3,"system_import_2024","",false,"","BECE 2008 RME"
rme_2008_q30,2008,30,"system_import_2024","",false,"","BECE 2008 RME"
rme_2008_q31,2008,31,"system_import_2024","",false,"","BECE 2008 RME"
rme_2008_q32,2008,32,"system_import_2024","",false,"","BECE 2008 RME"
rme_2008_q33,2008,33,"system_import_2024","",false,"","BECE 2008 RME"
rme_2008_q34,2008,34,"system_import_2024","",false,"","BECE 2008 RME"
rme_2008_q35,2008,35,"system_import_2024","",false,"","BECE 2008 RME"
rme_2008_q36,2008,36,"system_import_2024","",false,"","BECE 2008 RME"
rme_2008_q37,2008,37,"system_import_2024","",false,"","BECE 2008 RME"
rme_2008_q38,2008,38,"system_import_2024","",false,"","BECE 2008 RME"
rme_2008_q39,2008,39,"system_import_2024","",false,"","BECE 2008 RME"
rme_2008_q4,2008,4,"system_import_2024","",false,"","BECE 2008 RME"
rme_2008_q40,2008,40,"system_import_2024","",false,"","BECE 2008 RME"
rme_2008_q5,2008,5,"system_import_2024","",false,"","BECE 2008 RME"
rme_2008_q6,2008,6,"system_import_2024","",false,"","BECE 2008 RME"
rme_2008_q7,2008,7,"system_import_2024","",false,"","BECE 2008 RME"
rme_2008_q8,2008,8,"system_import_2024","",false,"","BECE 2008 RME"
rme_2008_q9,2008,9,"system_import_2024","",false,"","BECE 2008 RME"
rme_2009_q1,2009,1,"system_import_2024","",false,"","BECE 2009 RME"
rme_2009_q10,2009,10,"system_import_2024","",false,"","BECE 2009 RME"
rme_2009_q11,2009,11,"system_import_2024","",false,"","BECE 2009 RME"
rme_2009_q12,2009,12,"system_import_2024","",false,"","BECE 2009 RME"
rme_2009_q13,2009,13,"system_import_2024","",false,"","BECE 2009 RME"
rme_2009_q14,2009,14,"system_import_2024","",false,"","BECE 2009 RME"
rme_2009_q15,2009,15,"system_import_2024","",false,"","BECE 2009 RME"
rme_2009_q16,2009,16,"system_import_2024","",false,"","BECE 2009 RME"
rme_2009_q17,2009,17,"system_import_2024","",false,"","BECE 2009 RME"
rme_2009_q18,2009,18,"system_import_2024","",false,"","BECE 2009 RME"
rme_2009_q19,2009,19,"system_import_2024","",false,"","BECE 2009 RME"
rme_2009_q2,2009,2,"system_import_2024","",false,"","BECE 2009 RME"
rme_2009_q20,2009,20,"system_import_2024","",false,"","BECE 2009 RME"
rme_2009_q21,2009,21,"system_import_2024","",false,"","BECE 2009 RME"
rme_2009_q22,2009,22,"system_import_2024","",false,"","BECE 2009 RME"
rme_2009_q23,2009,23,"system_import_2024","",false,"","BECE 2009 RME"
rme_2009_q24,2009,24,"system_import_2024","",false,"","BECE 2009 RME"
rme_2009_q25,2009,25,"system_import_2024","",false,"","BECE 2009 RME"
rme_2009_q26,2009,26,"system_import_2024","",false,"","BECE 2009 RME"
rme_2009_q27,2009,27,"system_import_2024","",false,"","BECE 2009 RME"
rme_2009_q28,2009,28,"system_import_2024","",false,"","BECE 2009 RME"
rme_2009_q29,2009,29,"system_import_2024","",false,"","BECE 2009 RME"
rme_2009_q3,2009,3,"system_import_2024","",false,"","BECE 2009 RME"
rme_2009_q30,2009,30,"system_import_2024","",false,"","BECE 2009 RME"
rme_2009_q31,2009,31,"system_import_2024","",false,"","BECE 2009 RME"
rme_2009_q32,2009,32,"system_import_2024","",false,"","BECE 2009 RME"
rme_2009_q33,2009,33,"system_import_2024","",false,"","BECE 2009 RME"
rme_2009_q34,2009,34,"system_import_2024","",false,"","BECE 2009 RME"
rme_2009_q35,2009,35,"system_import_2024","",false,"","BECE 2009 RME"
rme_2009_q36,2009,36,"system_import_2024","",false,"","BECE 2009 RME"
rme_2009_q37,2009,37,"system_import_2024","",false,"","BECE 2009 RME"
rme_2009_q38,2009,38,"system_import_2024","",false,"","BECE 2009 RME"
rme_2009_q39,2009,39,"system_import_2024","",false,"","BECE 2009 RME"
rme_2009_q4,2009,4,"system_import_2024","",false,"","BECE 2009 RME"
rme_2009_q40,2009,40,"system_import_2024","",false,"","BECE 2009 RME"
rme_2009_q5,2009,5,"system_import_2024","",false,"","BECE 2009 RME"
rme_2009_q6,2009,6,"system_import_2024","",false,"","BECE 2009 RME"
rme_2009_q7,2009,7,"system_import_2024","",false,"","BECE 2009 RME"
rme_2009_q8,2009,8,"system_import_2024","",false,"","BECE 2009 RME"
rme_2009_q9,2009,9,"system_import_2024","",false,"","BECE 2009 RME"
rme_2011_q1,2011,1,"system_import_2024","",false,"","BECE 2011 RME"
rme_2011_q10,2011,10,"system_import_2024","",false,"","BECE 2011 RME"
rme_2011_q11,2011,11,"system_import_2024","",false,"","BECE 2011 RME"
rme_2011_q12,2011,12,"system_import_2024","",false,"","BECE 2011 RME"
rme_2011_q13,2011,13,"system_import_2024","",false,"","BECE 2011 RME"
rme_2011_q14,2011,14,"system_import_2024","",false,"","BECE 2011 RME"
rme_2011_q15,2011,15,"system_import_2024","",false,"","BECE 2011 RME"
rme_2011_q16,2011,16,"system_import_2024","",false,"","BECE 2011 RME"
rme_2011_q17,2011,17,"system_import_2024","",false,"","BECE 2011 RME"
rme_2011_q18,2011,18,"system_import_2024","",false,"","BECE 2011 RME"
rme_2011_q19,2011,19,"system_import_2024","",false,"","BECE 2011 RME"
rme_2011_q2,2011,2,"system_import_2024","",false,"","BECE 2011 RME"
rme_2011_q20,2011,20,"system_import_2024","",false,"","BECE 2011 RME"
rme_2011_q21,2011,21,"system_import_2024","",false,"","BECE 2011 RME"
rme_2011_q22,2011,22,"system_import_2024","",false,"","BECE 2011 RME"
rme_2011_q23,2011,23,"system_import_2024","",false,"","BECE 2011 RME"
rme_2011_q24,2011,24,"system_import_2024","",false,"","BECE 2011 RME"
rme_2011_q25,2011,25,"system_import_2024","",false,"","BECE 2011 RME"
rme_2011_q26,2011,26,"system_import_2024","",false,"","BECE 2011 RME"
rme_2011_q27,2011,27,"system_import_2024","",false,"","BECE 2011 RME"
rme_2011_q28,2011,28,"system_import_2024","",false,"","BECE 2011 RME"
rme_2011_q29,2011,29,"system_import_2024","",false,"","BECE 2011 RME"
rme_2011_q3,2011,3,"system_import_2024","",false,"","BECE 2011 RME"
rme_2011_q30,2011,30,"system_import_2024","",false,"","BECE 2011 RME"
rme_2011_q31,2011,31,"system_import_2024","",false,"","BECE 2011 RME"
rme_2011_q32,2011,32,"system_import_2024","",false,"","BECE 2011 RME"
rme_2011_q33,2011,33,"system_import_2024","",false,"","BECE 2011 RME"
rme_2011_q34,2011,34,"system_import_2024","",false,"","BECE 2011 RME"
rme_2011_q35,2011,35,"system_import_2024","",false,"","BECE 2011 RME"
rme_2011_q36,2011,36,"system_import_2024","",false,"","BECE 2011 RME"
rme_2011_q37,2011,37,"system_import_2024","",false,"","BECE 2011 RME"
rme_2011_q38,2011,38,"system_import_2024","",false,"","BECE 2011 RME"
rme_2011_q39,2011,39,"system_import_2024","",false,"","BECE 2011 RME"
rme_2011_q4,2011,4,"system_import_2024","",false,"","BECE 2011 RME"
rme_2011_q40,2011,40,"system_import_2024","",false,"","BECE 2011 RME"
rme_2011_q5,2011,5,"system_import_2024","",false,"","BECE 2011 RME"
rme_2011_q6,2011,6,"system_import_2024","",false,"","BECE 2011 RME"
rme_2011_q7,2011,7,"system_import_2024","",false,"","BECE 2011 RME"
rme_2011_q8,2011,8,"system_import_2024","",false,"","BECE 2011 RME"
rme_2011_q9,2011,9,"system_import_2024","",false,"","BECE 2011 RME"
rme_2012_q1,2012,1,"system_import_2024","",false,"","BECE 2012 RME"
rme_2012_q10,2012,10,"system_import_2024","",false,"","BECE 2012 RME"
rme_2012_q11,2012,11,"system_import_2024","",false,"","BECE 2012 RME"
rme_2012_q12,2012,12,"system_import_2024","",false,"","BECE 2012 RME"
rme_2012_q13,2012,13,"system_import_2024","",false,"","BECE 2012 RME"
rme_2012_q14,2012,14,"system_import_2024","",false,"","BECE 2012 RME"
rme_2012_q15,2012,15,"system_import_2024","",false,"","BECE 2012 RME"
rme_2012_q16,2012,16,"system_import_2024","",false,"","BECE 2012 RME"
rme_2012_q17,2012,17,"system_import_2024","",false,"","BECE 2012 RME"
rme_2012_q18,2012,18,"system_import_2024","",false,"","BECE 2012 RME"
rme_2012_q19,2012,19,"system_import_2024","",false,"","BECE 2012 RME"
rme_2012_q2,2012,2,"system_import_2024","",false,"","BECE 2012 RME"
rme_2012_q20,2012,20,"system_import_2024","",false,"","BECE 2012 RME"
rme_2012_q21,2012,21,"system_import_2024","",false,"","BECE 2012 RME"
rme_2012_q22,2012,22,"system_import_2024","",false,"","BECE 2012 RME"
rme_2012_q23,2012,23,"system_import_2024","",false,"","BECE 2012 RME"
rme_2012_q24,2012,24,"system_import_2024","",false,"","BECE 2012 RME"
rme_2012_q25,2012,25,"system_import_2024","",false,"","BECE 2012 RME"
rme_2012_q26,2012,26,"system_import_2024","",false,"","BECE 2012 RME"
rme_2012_q27,2012,27,"system_import_2024","",false,"","BECE 2012 RME"
rme_2012_q28,2012,28,"system_import_2024","",false,"","BECE 2012 RME"
rme_2012_q29,2012,29,"system_import_2024","",false,"","BECE 2012 RME"
rme_2012_q3,2012,3,"system_import_2024","",false,"","BECE 2012 RME"
rme_2012_q30,2012,30,"system_import_2024","",false,"","BECE 2012 RME"
rme_2012_q31,2012,31,"system_import_2024","",false,"","BECE 2012 RME"
rme_2012_q32,2012,32,"system_import_2024","",false,"","BECE 2012 RME"
rme_2012_q33,2012,33,"system_import_2024","",false,"","BECE 2012 RME"
rme_2012_q34,2012,34,"system_import_2024","",false,"","BECE 2012 RME"
rme_2012_q35,2012,35,"system_import_2024","",false,"","BECE 2012 RME"
rme_2012_q36,2012,36,"system_import_2024","",false,"","BECE 2012 RME"
rme_2012_q37,2012,37,"system_import_2024","",false,"","BECE 2012 RME"
rme_2012_q38,2012,38,"system_import_2024","",false,"","BECE 2012 RME"
rme_2012_q39,2012,39,"system_import_2024","",false,"","BECE 2012 RME"
rme_2012_q4,2012,4,"system_import_2024","",false,"","BECE 2012 RME"
rme_2012_q40,2012,40,"system_import_2024","",false,"","BECE 2012 RME"
rme_2012_q5,2012,5,"system_import_2024","",false,"","BECE 2012 RME"
rme_2012_q6,2012,6,"system_import_2024","",false,"","BECE 2012 RME"
rme_2012_q7,2012,7,"system_import_2024","",false,"","BECE 2012 RME"
rme_2012_q8,2012,8,"system_import_2024","",false,"","BECE 2012 RME"
rme_2012_q9,2012,9,"system_import_2024","",false,"","BECE 2012 RME"
rme_2013_q1,2013,1,"system_import_2024","",false,"","BECE 2013 RME"
rme_2013_q10,2013,10,"system_import_2024","",false,"","BECE 2013 RME"
rme_2013_q11,2013,11,"system_import_2024","",false,"","BECE 2013 RME"
rme_2013_q12,2013,12,"system_import_2024","",false,"","BECE 2013 RME"
rme_2013_q13,2013,13,"system_import_2024","",false,"","BECE 2013 RME"
rme_2013_q14,2013,14,"system_import_2024","",false,"","BECE 2013 RME"
rme_2013_q15,2013,15,"system_import_2024","",false,"","BECE 2013 RME"
rme_2013_q16,2013,16,"system_import_2024","",false,"","BECE 2013 RME"
rme_2013_q17,2013,17,"system_import_2024","",false,"","BECE 2013 RME"
rme_2013_q18,2013,18,"system_import_2024","",false,"","BECE 2013 RME"
rme_2013_q19,2013,19,"system_import_2024","",false,"","BECE 2013 RME"
rme_2013_q2,2013,2,"system_import_2024","",false,"","BECE 2013 RME"
rme_2013_q20,2013,20,"system_import_2024","",false,"","BECE 2013 RME"
rme_2013_q21,2013,21,"system_import_2024","",false,"","BECE 2013 RME"
rme_2013_q22,2013,22,"system_import_2024","",false,"","BECE 2013 RME"
rme_2013_q23,2013,23,"system_import_2024","",false,"","BECE 2013 RME"
rme_2013_q24,2013,24,"system_import_2024","",false,"","BECE 2013 RME"
rme_2013_q25,2013,25,"system_import_2024","",false,"","BECE 2013 RME"
rme_2013_q26,2013,26,"system_import_2024","",false,"","BECE 2013 RME"
rme_2013_q27,2013,27,"system_import_2024","",false,"","BECE 2013 RME"
rme_2013_q28,2013,28,"system_import_2024","",false,"","BECE 2013 RME"
rme_2013_q29,2013,29,"system_import_2024","",false,"","BECE 2013 RME"
rme_2013_q3,2013,3,"system_import_2024","",false,"","BECE 2013 RME"
rme_2013_q30,2013,30,"system_import_2024","",false,"","BECE 2013 RME"
rme_2013_q31,2013,31,"system_import_2024","",false,"","BECE 2013 RME"
rme_2013_q32,2013,32,"system_import_2024","",false,"","BECE 2013 RME"
rme_2013_q33,2013,33,"system_import_2024","",false,"","BECE 2013 RME"
rme_2013_q34,2013,34,"system_import_2024","",false,"","BECE 2013 RME"
rme_2013_q35,2013,35,"system_import_2024","",false,"","BECE 2013 RME"
rme_2013_q36,2013,36,"system_import_2024","",false,"","BECE 2013 RME"
rme_2013_q37,2013,37,"system_import_2024","",false,"","BECE 2013 RME"
rme_2013_q38,2013,38,"system_import_2024","",false,"","BECE 2013 RME"
rme_2013_q39,2013,39,"system_import_2024","",false,"","BECE 2013 RME"
rme_2013_q4,2013,4,"system_import_2024","",false,"","BECE 2013 RME"
rme_2013_q40,2013,40,"system_import_2024","",false,"","BECE 2013 RME"
rme_2013_q5,2013,5,"system_import_2024","",false,"","BECE 2013 RME"
rme_2013_q6,2013,6,"system_import_2024","",false,"","BECE 2013 RME"
rme_2013_q7,2013,7,"system_import_2024","",false,"","BECE 2013 RME"
rme_2013_q8,2013,8,"system_import_2024","",false,"","BECE 2013 RME"
rme_2013_q9,2013,9,"system_import_2024","",false,"","BECE 2013 RME"
rme_2014_q1,2014,1,"system_import_2024","",false,"","BECE 2014 RME"
rme_2014_q10,2014,10,"system_import_2024","",false,"","BECE 2014 RME"
rme_2014_q11,2014,11,"system_import_2024","",false,"","BECE 2014 RME"
rme_2014_q12,2014,12,"system_import_2024","",false,"","BECE 2014 RME"
rme_2014_q13,2014,13,"system_import_2024","",false,"","BECE 2014 RME"
rme_2014_q14,2014,14,"system_import_2024","",false,"","BECE 2014 RME"
rme_2014_q15,2014,15,"system_import_2024","",false,"","BECE 2014 RME"
rme_2014_q16,2014,16,"system_import_2024","",false,"","BECE 2014 RME"
rme_2014_q17,2014,17,"system_import_2024","",false,"","BECE 2014 RME"
rme_2014_q18,2014,18,"system_import_2024","",false,"","BECE 2014 RME"
rme_2014_q19,2014,19,"system_import_2024","",false,"","BECE 2014 RME"
rme_2014_q2,2014,2,"system_import_2024","",false,"","BECE 2014 RME"
rme_2014_q20,2014,20,"system_import_2024","",false,"","BECE 2014 RME"
rme_2014_q21,2014,21,"system_import_2024","",false,"","BECE 2014 RME"
rme_2014_q22,2014,22,"system_import_2024","",false,"","BECE 2014 RME"
rme_2014_q23,2014,23,"system_import_2024","",false,"","BECE 2014 RME"
rme_2014_q24,2014,24,"system_import_2024","",false,"","BECE 2014 RME"
rme_2014_q25,2014,25,"system_import_2024","",false,"","BECE 2014 RME"
rme_2014_q26,2014,26,"system_import_2024","",false,"","BECE 2014 RME"
rme_2014_q27,2014,27,"system_import_2024","",false,"","BECE 2014 RME"
rme_2014_q28,2014,28,"system_import_2024","",false,"","BECE 2014 RME"
rme_2014_q29,2014,29,"system_import_2024","",false,"","BECE 2014 RME"
rme_2014_q3,2014,3,"system_import_2024","",false,"","BECE 2014 RME"
rme_2014_q30,2014,30,"system_import_2024","",false,"","BECE 2014 RME"
rme_2014_q31,2014,31,"system_import_2024","",false,"","BECE 2014 RME"
rme_2014_q32,2014,32,"system_import_2024","",false,"","BECE 2014 RME"
rme_2014_q33,2014,33,"system_import_2024","",false,"","BECE 2014 RME"
rme_2014_q34,2014,34,"system_import_2024","",false,"","BECE 2014 RME"
rme_2014_q35,2014,35,"system_import_2024","",false,"","BECE 2014 RME"
rme_2014_q36,2014,36,"system_import_2024","",false,"","BECE 2014 RME"
rme_2014_q37,2014,37,"system_import_2024","",false,"","BECE 2014 RME"
rme_2014_q38,2014,38,"system_import_2024","",false,"","BECE 2014 RME"
rme_2014_q39,2014,39,"system_import_2024","",false,"","BECE 2014 RME"
rme_2014_q4,2014,4,"system_import_2024","",false,"","BECE 2014 RME"
rme_2014_q40,2014,40,"system_import_2024","",false,"","BECE 2014 RME"
rme_2014_q5,2014,5,"system_import_2024","",false,"","BECE 2014 RME"
rme_2014_q6,2014,6,"system_import_2024","",false,"","BECE 2014 RME"
rme_2014_q7,2014,7,"system_import_2024","",false,"","BECE 2014 RME"
rme_2014_q8,2014,8,"system_import_2024","",false,"","BECE 2014 RME"
rme_2014_q9,2014,9,"system_import_2024","",false,"","BECE 2014 RME"
rme_2015_q1,2015,1,"system_import_2024","",false,"","BECE 2015 RME"
rme_2015_q10,2015,10,"system_import_2024","",false,"","BECE 2015 RME"
rme_2015_q11,2015,11,"system_import_2024","",false,"","BECE 2015 RME"
rme_2015_q12,2015,12,"system_import_2024","",false,"","BECE 2015 RME"
rme_2015_q13,2015,13,"system_import_2024","",false,"","BECE 2015 RME"
rme_2015_q14,2015,14,"system_import_2024","",false,"","BECE 2015 RME"
rme_2015_q15,2015,15,"system_import_2024","",false,"","BECE 2015 RME"
rme_2015_q16,2015,16,"system_import_2024","",false,"","BECE 2015 RME"
rme_2015_q17,2015,17,"system_import_2024","",false,"","BECE 2015 RME"
rme_2015_q18,2015,18,"system_import_2024","",false,"","BECE 2015 RME"
rme_2015_q19,2015,19,"system_import_2024","",false,"","BECE 2015 RME"
rme_2015_q2,2015,2,"system_import_2024","",false,"","BECE 2015 RME"
rme_2015_q20,2015,20,"system_import_2024","",false,"","BECE 2015 RME"
rme_2015_q21,2015,21,"system_import_2024","",false,"","BECE 2015 RME"
rme_2015_q22,2015,22,"system_import_2024","",false,"","BECE 2015 RME"
rme_2015_q23,2015,23,"system_import_2024","",false,"","BECE 2015 RME"
rme_2015_q24,2015,24,"system_import_2024","",false,"","BECE 2015 RME"
rme_2015_q25,2015,25,"system_import_2024","",false,"","BECE 2015 RME"
rme_2015_q26,2015,26,"system_import_2024","",false,"","BECE 2015 RME"
rme_2015_q27,2015,27,"system_import_2024","",false,"","BECE 2015 RME"
rme_2015_q28,2015,28,"system_import_2024","",false,"","BECE 2015 RME"
rme_2015_q29,2015,29,"system_import_2024","",false,"","BECE 2015 RME"
rme_2015_q3,2015,3,"system_import_2024","",false,"","BECE 2015 RME"
rme_2015_q30,2015,30,"system_import_2024","",false,"","BECE 2015 RME"
rme_2015_q31,2015,31,"system_import_2024","",false,"","BECE 2015 RME"
rme_2015_q32,2015,32,"system_import_2024","",false,"","BECE 2015 RME"
rme_2015_q33,2015,33,"system_import_2024","",false,"","BECE 2015 RME"
rme_2015_q34,2015,34,"system_import_2024","",false,"","BECE 2015 RME"
rme_2015_q35,2015,35,"system_import_2024","",false,"","BECE 2015 RME"
rme_2015_q36,2015,36,"system_import_2024","",false,"","BECE 2015 RME"
rme_2015_q37,2015,37,"system_import_2024","",false,"","BECE 2015 RME"
rme_2015_q38,2015,38,"system_import_2024","",false,"","BECE 2015 RME"
rme_2015_q39,2015,39,"system_import_2024","",false,"","BECE 2015 RME"
rme_2015_q4,2015,4,"system_import_2024","",false,"","BECE 2015 RME"
rme_2015_q40,2015,40,"system_import_2024","",false,"","BECE 2015 RME"
rme_2015_q5,2015,5,"system_import_2024","",false,"","BECE 2015 RME"
rme_2015_q6,2015,6,"system_import_2024","",false,"","BECE 2015 RME"
rme_2015_q7,2015,7,"system_import_2024","",false,"","BECE 2015 RME"
rme_2015_q8,2015,8,"system_import_2024","",false,"","BECE 2015 RME"
rme_2015_q9,2015,9,"system_import_2024","",false,"","BECE 2015 RME"
rme_2016_q1,2016,1,"system_import_2024","",false,"","BECE 2016 RME"
rme_2016_q10,2016,10,"system_import_2024","",false,"","BECE 2016 RME"
rme_2016_q11,2016,11,"system_import_2024","",false,"","BECE 2016 RME"
rme_2016_q12,2016,12,"system_import_2024","",false,"","BECE 2016 RME"
rme_2016_q13,2016,13,"system_import_2024","",false,"","BECE 2016 RME"
rme_2016_q14,2016,14,"system_import_2024","",false,"","BECE 2016 RME"
rme_2016_q15,2016,15,"system_import_2024","",false,"","BECE 2016 RME"
rme_2016_q16,2016,16,"system_import_2024","",false,"","BECE 2016 RME"
rme_2016_q17,2016,17,"system_import_2024","",false,"","BECE 2016 RME"
rme_2016_q18,2016,18,"system_import_2024","",false,"","BECE 2016 RME"
rme_2016_q19,2016,19,"system_import_2024","",false,"","BECE 2016 RME"
rme_2016_q2,2016,2,"system_import_2024","",false,"","BECE 2016 RME"
rme_2016_q20,2016,20,"system_import_2024","",false,"","BECE 2016 RME"
rme_2016_q21,2016,21,"system_import_2024","",false,"","BECE 2016 RME"
rme_2016_q22,2016,22,"system_import_2024","",false,"","BECE 2016 RME"
rme_2016_q23,2016,23,"system_import_2024","",false,"","BECE 2016 RME"
rme_2016_q24,2016,24,"system_import_2024","",false,"","BECE 2016 RME"
rme_2016_q25,2016,25,"system_import_2024","",false,"","BECE 2016 RME"
rme_2016_q26,2016,26,"system_import_2024","",false,"","BECE 2016 RME"
rme_2016_q27,2016,27,"system_import_2024","",false,"","BECE 2016 RME"
rme_2016_q28,2016,28,"system_import_2024","",false,"","BECE 2016 RME"
rme_2016_q29,2016,29,"system_import_2024","",false,"","BECE 2016 RME"
rme_2016_q3,2016,3,"system_import_2024","",false,"","BECE 2016 RME"
rme_2016_q30,2016,30,"system_import_2024","",false,"","BECE 2016 RME"
rme_2016_q31,2016,31,"system_import_2024","",false,"","BECE 2016 RME"
rme_2016_q32,2016,32,"system_import_2024","",false,"","BECE 2016 RME"
rme_2016_q33,2016,33,"system_import_2024","",false,"","BECE 2016 RME"
rme_2016_q34,2016,34,"system_import_2024","",false,"","BECE 2016 RME"
rme_2016_q35,2016,35,"system_import_2024","",false,"","BECE 2016 RME"
rme_2016_q36,2016,36,"system_import_2024","",false,"","BECE 2016 RME"
rme_2016_q37,2016,37,"system_import_2024","",false,"","BECE 2016 RME"
rme_2016_q38,2016,38,"system_import_2024","",false,"","BECE 2016 RME"
rme_2016_q39,2016,39,"system_import_2024","",false,"","BECE 2016 RME"
rme_2016_q4,2016,4,"system_import_2024","",false,"","BECE 2016 RME"
rme_2016_q40,2016,40,"system_import_2024","",false,"","BECE 2016 RME"
rme_2016_q5,2016,5,"system_import_2024","",false,"","BECE 2016 RME"
rme_2016_q6,2016,6,"system_import_2024","",false,"","BECE 2016 RME"
rme_2016_q7,2016,7,"system_import_2024","",false,"","BECE 2016 RME"
rme_2016_q8,2016,8,"system_import_2024","",false,"","BECE 2016 RME"
rme_2016_q9,2016,9,"system_import_2024","",false,"","BECE 2016 RME"
rme_2017_q1,2017,1,"system_import_2024","",false,"","BECE 2017 RME"
rme_2017_q10,2017,10,"system_import_2024","",false,"","BECE 2017 RME"
rme_2017_q11,2017,11,"system_import_2024","",false,"","BECE 2017 RME"
rme_2017_q12,2017,12,"system_import_2024","",false,"","BECE 2017 RME"
rme_2017_q13,2017,13,"system_import_2024","",false,"","BECE 2017 RME"
rme_2017_q14,2017,14,"system_import_2024","",false,"","BECE 2017 RME"
rme_2017_q15,2017,15,"system_import_2024","",false,"","BECE 2017 RME"
rme_2017_q16,2017,16,"system_import_2024","",false,"","BECE 2017 RME"
rme_2017_q17,2017,17,"system_import_2024","",false,"","BECE 2017 RME"
rme_2017_q18,2017,18,"system_import_2024","",false,"","BECE 2017 RME"
rme_2017_q19,2017,19,"system_import_2024","",false,"","BECE 2017 RME"
rme_2017_q2,2017,2,"system_import_2024","",false,"","BECE 2017 RME"
rme_2017_q20,2017,20,"system_import_2024","",false,"","BECE 2017 RME"
rme_2017_q21,2017,21,"system_import_2024","",false,"","BECE 2017 RME"
rme_2017_q22,2017,22,"system_import_2024","",false,"","BECE 2017 RME"
rme_2017_q23,2017,23,"system_import_2024","",false,"","BECE 2017 RME"
rme_2017_q24,2017,24,"system_import_2024","",false,"","BECE 2017 RME"
rme_2017_q25,2017,25,"system_import_2024","",false,"","BECE 2017 RME"
rme_2017_q26,2017,26,"system_import_2024","",false,"","BECE 2017 RME"
rme_2017_q27,2017,27,"system_import_2024","",false,"","BECE 2017 RME"
rme_2017_q28,2017,28,"system_import_2024","",false,"","BECE 2017 RME"
rme_2017_q29,2017,29,"system_import_2024","",false,"","BECE 2017 RME"
rme_2017_q3,2017,3,"system_import_2024","",false,"","BECE 2017 RME"
rme_2017_q30,2017,30,"system_import_2024","",false,"","BECE 2017 RME"
rme_2017_q31,2017,31,"system_import_2024","",false,"","BECE 2017 RME"
rme_2017_q32,2017,32,"system_import_2024","",false,"","BECE 2017 RME"
rme_2017_q33,2017,33,"system_import_2024","",false,"","BECE 2017 RME"
rme_2017_q34,2017,34,"system_import_2024","",false,"","BECE 2017 RME"
rme_2017_q35,2017,35,"system_import_2024","",false,"","BECE 2017 RME"
rme_2017_q36,2017,36,"system_import_2024","",false,"","BECE 2017 RME"
rme_2017_q37,2017,37,"system_import_2024","",false,"","BECE 2017 RME"
rme_2017_q38,2017,38,"system_import_2024","",false,"","BECE 2017 RME"
rme_2017_q39,2017,39,"system_import_2024","",false,"","BECE 2017 RME"
rme_2017_q4,2017,4,"system_import_2024","",false,"","BECE 2017 RME"
rme_2017_q40,2017,40,"system_import_2024","",false,"","BECE 2017 RME"
rme_2017_q5,2017,5,"system_import_2024","",false,"","BECE 2017 RME"
rme_2017_q6,2017,6,"system_import_2024","",false,"","BECE 2017 RME"
rme_2017_q7,2017,7,"system_import_2024","",false,"","BECE 2017 RME"
rme_2017_q8,2017,8,"system_import_2024","",false,"","BECE 2017 RME"
rme_2017_q9,2017,9,"system_import_2024","",false,"","BECE 2017 RME"
rme_2018_q1,2018,1,"system_import_2024","",false,"","BECE 2018 RME"
rme_2018_q10,2018,10,"system_import_2024","",false,"","BECE 2018 RME"
rme_2018_q11,2018,11,"system_import_2024","",false,"","BECE 2018 RME"
rme_2018_q12,2018,12,"system_import_2024","",false,"","BECE 2018 RME"
rme_2018_q13,2018,13,"system_import_2024","",false,"","BECE 2018 RME"
rme_2018_q14,2018,14,"system_import_2024","",false,"","BECE 2018 RME"
rme_2018_q15,2018,15,"system_import_2024","",false,"","BECE 2018 RME"
rme_2018_q16,2018,16,"system_import_2024","",false,"","BECE 2018 RME"
rme_2018_q17,2018,17,"system_import_2024","",false,"","BECE 2018 RME"
rme_2018_q18,2018,18,"system_import_2024","",false,"","BECE 2018 RME"
rme_2018_q19,2018,19,"system_import_2024","",false,"","BECE 2018 RME"
rme_2018_q2,2018,2,"system_import_2024","",false,"","BECE 2018 RME"
rme_2018_q20,2018,20,"system_import_2024","",false,"","BECE 2018 RME"
rme_2018_q21,2018,21,"system_import_2024","",false,"","BECE 2018 RME"
rme_2018_q22,2018,22,"system_import_2024","",false,"","BECE 2018 RME"
rme_2018_q23,2018,23,"system_import_2024","",false,"","BECE 2018 RME"
rme_2018_q24,2018,24,"system_import_2024","",false,"","BECE 2018 RME"
rme_2018_q25,2018,25,"system_import_2024","",false,"","BECE 2018 RME"
rme_2018_q26,2018,26,"system_import_2024","",false,"","BECE 2018 RME"
rme_2018_q27,2018,27,"system_import_2024","",false,"","BECE 2018 RME"
rme_2018_q28,2018,28,"system_import_2024","",false,"","BECE 2018 RME"
rme_2018_q29,2018,29,"system_import_2024","",false,"","BECE 2018 RME"
rme_2018_q3,2018,3,"system_import_2024","",false,"","BECE 2018 RME"
rme_2018_q30,2018,30,"system_import_2024","",false,"","BECE 2018 RME"
rme_2018_q31,2018,31,"system_import_2024","",false,"","BECE 2018 RME"
rme_2018_q32,2018,32,"system_import_2024","",false,"","BECE 2018 RME"
rme_2018_q33,2018,33,"system_import_2024","",false,"","BECE 2018 RME"
rme_2018_q34,2018,34,"system_import_2024","",false,"","BECE 2018 RME"
rme_2018_q35,2018,35,"system_import_2024","",false,"","BECE 2018 RME"
rme_2018_q36,2018,36,"system_import_2024","",false,"","BECE 2018 RME"
rme_2018_q37,2018,37,"system_import_2024","",false,"","BECE 2018 RME"
rme_2018_q38,2018,38,"system_import_2024","",false,"","BECE 2018 RME"
rme_2018_q39,2018,39,"system_import_2024","",false,"","BECE 2018 RME"
rme_2018_q4,2018,4,"system_import_2024","",false,"","BECE 2018 RME"
rme_2018_q40,2018,40,"system_import_2024","",false,"","BECE 2018 RME"
rme_2018_q5,2018,5,"system_import_2024","",false,"","BECE 2018 RME"
rme_2018_q6,2018,6,"system_import_2024","",false,"","BECE 2018 RME"
rme_2018_q7,2018,7,"system_import_2024","",false,"","BECE 2018 RME"
rme_2018_q8,2018,8,"system_import_2024","",false,"","BECE 2018 RME"
rme_2018_q9,2018,9,"system_import_2024","",false,"","BECE 2018 RME"
rme_2019_q1,2019,1,"system_import_2024","",false,"","BECE 2019 RME"
rme_2019_q10,2019,10,"system_import_2024","",false,"","BECE 2019 RME"
rme_2019_q11,2019,11,"system_import_2024","",false,"","BECE 2019 RME"
rme_2019_q12,2019,12,"system_import_2024","",false,"","BECE 2019 RME"
rme_2019_q13,2019,13,"system_import_2024","",false,"","BECE 2019 RME"
rme_2019_q14,2019,14,"system_import_2024","",false,"","BECE 2019 RME"
rme_2019_q15,2019,15,"system_import_2024","",false,"","BECE 2019 RME"
rme_2019_q16,2019,16,"system_import_2024","",false,"","BECE 2019 RME"
rme_2019_q17,2019,17,"system_import_2024","",false,"","BECE 2019 RME"
rme_2019_q18,2019,18,"system_import_2024","",false,"","BECE 2019 RME"
rme_2019_q19,2019,19,"system_import_2024","",false,"","BECE 2019 RME"
rme_2019_q2,2019,2,"system_import_2024","",false,"","BECE 2019 RME"
rme_2019_q20,2019,20,"system_import_2024","",false,"","BECE 2019 RME"
rme_2019_q21,2019,21,"system_import_2024","",false,"","BECE 2019 RME"
rme_2019_q22,2019,22,"system_import_2024","",false,"","BECE 2019 RME"
rme_2019_q23,2019,23,"system_import_2024","",false,"","BECE 2019 RME"
rme_2019_q24,2019,24,"system_import_2024","",false,"","BECE 2019 RME"
rme_2019_q25,2019,25,"system_import_2024","",false,"","BECE 2019 RME"
rme_2019_q26,2019,26,"system_import_2024","",false,"","BECE 2019 RME"
rme_2019_q27,2019,27,"system_import_2024","",false,"","BECE 2019 RME"
rme_2019_q28,2019,28,"system_import_2024","",false,"","BECE 2019 RME"
rme_2019_q29,2019,29,"system_import_2024","",false,"","BECE 2019 RME"
rme_2019_q3,2019,3,"system_import_2024","",false,"","BECE 2019 RME"
rme_2019_q30,2019,30,"system_import_2024","",false,"","BECE 2019 RME"
rme_2019_q31,2019,31,"system_import_2024","",false,"","BECE 2019 RME"
rme_2019_q32,2019,32,"system_import_2024","",false,"","BECE 2019 RME"
rme_2019_q33,2019,33,"system_import_2024","",false,"","BECE 2019 RME"
rme_2019_q34,2019,34,"system_import_2024","",false,"","BECE 2019 RME"
rme_2019_q35,2019,35,"system_import_2024","",false,"","BECE 2019 RME"
rme_2019_q36,2019,36,"system_import_2024","",false,"","BECE 2019 RME"
rme_2019_q37,2019,37,"system_import_2024","",false,"","BECE 2019 RME"
rme_2019_q38,2019,38,"system_import_2024","",false,"","BECE 2019 RME"
rme_2019_q39,2019,39,"system_import_2024","",false,"","BECE 2019 RME"
rme_2019_q4,2019,4,"system_import_2024","",false,"","BECE 2019 RME"
rme_2019_q40,2019,40,"system_import_2024","",false,"","BECE 2019 RME"
rme_2019_q5,2019,5,"system_import_2024","",false,"","BECE 2019 RME"
rme_2019_q6,2019,6,"system_import_2024","",false,"","BECE 2019 RME"
rme_2019_q7,2019,7,"system_import_2024","",false,"","BECE 2019 RME"
rme_2019_q8,2019,8,"system_import_2024","",false,"","BECE 2019 RME"
rme_2019_q9,2019,9,"system_import_2024","",false,"","BECE 2019 RME"
rme_2020_q1,2020,1,"system_import_2024","",false,"","BECE 2020 RME"
rme_2020_q10,2020,10,"system_import_2024","",false,"","BECE 2020 RME"
rme_2020_q11,2020,11,"system_import_2024","",false,"","BECE 2020 RME"
rme_2020_q12,2020,12,"system_import_2024","",false,"","BECE 2020 RME"
rme_2020_q13,2020,13,"system_import_2024","",false,"","BECE 2020 RME"
rme_2020_q14,2020,14,"system_import_2024","",false,"","BECE 2020 RME"
rme_2020_q15,2020,15,"system_import_2024","",false,"","BECE 2020 RME"
rme_2020_q16,2020,16,"system_import_2024","",false,"","BECE 2020 RME"
rme_2020_q17,2020,17,"system_import_2024","",false,"","BECE 2020 RME"
rme_2020_q18,2020,18,"system_import_2024","",false,"","BECE 2020 RME"
rme_2020_q19,2020,19,"system_import_2024","",false,"","BECE 2020 RME"
rme_2020_q2,2020,2,"system_import_2024","",false,"","BECE 2020 RME"
rme_2020_q20,2020,20,"system_import_2024","",false,"","BECE 2020 RME"
rme_2020_q21,2020,21,"system_import_2024","",false,"","BECE 2020 RME"
rme_2020_q22,2020,22,"system_import_2024","",false,"","BECE 2020 RME"
rme_2020_q23,2020,23,"system_import_2024","",false,"","BECE 2020 RME"
rme_2020_q24,2020,24,"system_import_2024","",false,"","BECE 2020 RME"
rme_2020_q25,2020,25,"system_import_2024","",false,"","BECE 2020 RME"
rme_2020_q26,2020,26,"system_import_2024","",false,"","BECE 2020 RME"
rme_2020_q27,2020,27,"system_import_2024","",false,"","BECE 2020 RME"
rme_2020_q28,2020,28,"system_import_2024","",false,"","BECE 2020 RME"
rme_2020_q29,2020,29,"system_import_2024","",false,"","BECE 2020 RME"
rme_2020_q3,2020,3,"system_import_2024","",false,"","BECE 2020 RME"
rme_2020_q30,2020,30,"system_import_2024","",false,"","BECE 2020 RME"
rme_2020_q31,2020,31,"system_import_2024","",false,"","BECE 2020 RME"
rme_2020_q32,2020,32,"system_import_2024","",false,"","BECE 2020 RME"
rme_2020_q33,2020,33,"system_import_2024","",false,"","BECE 2020 RME"
rme_2020_q34,2020,34,"system_import_2024","",false,"","BECE 2020 RME"
rme_2020_q35,2020,35,"system_import_2024","",false,"","BECE 2020 RME"
rme_2020_q36,2020,36,"system_import_2024","",false,"","BECE 2020 RME"
rme_2020_q37,2020,37,"system_import_2024","",false,"","BECE 2020 RME"
rme_2020_q38,2020,38,"system_import_2024","",false,"","BECE 2020 RME"
rme_2020_q39,2020,39,"system_import_2024","",false,"","BECE 2020 RME"
rme_2020_q4,2020,4,"system_import_2024","",false,"","BECE 2020 RME"
rme_2020_q40,2020,40,"system_import_2024","",false,"","BECE 2020 RME"
rme_2020_q5,2020,5,"system_import_2024","",false,"","BECE 2020 RME"
rme_2020_q6,2020,6,"system_import_2024","",false,"","BECE 2020 RME"
rme_2020_q7,2020,7,"system_import_2024","",false,"","BECE 2020 RME"
rme_2020_q8,2020,8,"system_import_2024","",false,"","BECE 2020 RME"
rme_2020_q9,2020,9,"system_import_2024","",false,"","BECE 2020 RME"
rme_2021_q1,2021,1,"system_import_2024","",false,"","BECE 2021 RME"
rme_2021_q10,2021,10,"system_import_2024","",false,"","BECE 2021 RME"
rme_2021_q11,2021,11,"system_import_2024","",false,"","BECE 2021 RME"
rme_2021_q12,2021,12,"system_import_2024","",false,"","BECE 2021 RME"
rme_2021_q13,2021,13,"system_import_2024","",false,"","BECE 2021 RME"
rme_2021_q14,2021,14,"system_import_2024","",false,"","BECE 2021 RME"
rme_2021_q15,2021,15,"system_import_2024","",false,"","BECE 2021 RME"
rme_2021_q16,2021,16,"system_import_2024","",false,"","BECE 2021 RME"
rme_2021_q17,2021,17,"system_import_2024","",false,"","BECE 2021 RME"
rme_2021_q18,2021,18,"system_import_2024","",false,"","BECE 2021 RME"
rme_2021_q19,2021,19,"system_import_2024","",false,"","BECE 2021 RME"
rme_2021_q2,2021,2,"system_import_2024","",false,"","BECE 2021 RME"
rme_2021_q20,2021,20,"system_import_2024","",false,"","BECE 2021 RME"
rme_2021_q21,2021,21,"system_import_2024","",false,"","BECE 2021 RME"
rme_2021_q22,2021,22,"system_import_2024","",false,"","BECE 2021 RME"
rme_2021_q23,2021,23,"system_import_2024","",false,"","BECE 2021 RME"
rme_2021_q24,2021,24,"system_import_2024","",false,"","BECE 2021 RME"
rme_2021_q25,2021,25,"system_import_2024","",false,"","BECE 2021 RME"
rme_2021_q26,2021,26,"system_import_2024","",false,"","BECE 2021 RME"
rme_2021_q27,2021,27,"system_import_2024","",false,"","BECE 2021 RME"
rme_2021_q28,2021,28,"system_import_2024","",false,"","BECE 2021 RME"
rme_2021_q29,2021,29,"system_import_2024","",false,"","BECE 2021 RME"
rme_2021_q3,2021,3,"system_import_2024","",false,"","BECE 2021 RME"
rme_2021_q30,2021,30,"system_import_2024","",false,"","BECE 2021 RME"
rme_2021_q31,2021,31,"system_import_2024","",false,"","BECE 2021 RME"
rme_2021_q32,2021,32,"system_import_2024","",false,"","BECE 2021 RME"
rme_2021_q33,2021,33,"system_import_2024","",false,"","BECE 2021 RME"
rme_2021_q34,2021,34,"system_import_2024","",false,"","BECE 2021 RME"
rme_2021_q35,2021,35,"system_import_2024","",false,"","BECE 2021 RME"
rme_2021_q36,2021,36,"system_import_2024","",false,"","BECE 2021 RME"
rme_2021_q37,2021,37,"system_import_2024","",false,"","BECE 2021 RME"
rme_2021_q38,2021,38,"system_import_2024","",false,"","BECE 2021 RME"
rme_2021_q39,2021,39,"system_import_2024","",false,"","BECE 2021 RME"
rme_2021_q4,2021,4,"system_import_2024","",false,"","BECE 2021 RME"
rme_2021_q40,2021,40,"system_import_2024","",false,"","BECE 2021 RME"
rme_2021_q5,2021,5,"system_import_2024","",false,"","BECE 2021 RME"
rme_2021_q6,2021,6,"system_import_2024","",false,"","BECE 2021 RME"
rme_2021_q7,2021,7,"system_import_2024","",false,"","BECE 2021 RME"
rme_2021_q8,2021,8,"system_import_2024","",false,"","BECE 2021 RME"
rme_2021_q9,2021,9,"system_import_2024","",false,"","BECE 2021 RME"
rme_2022_q1,2022,1,"system_import_2024","",false,"","BECE 2022 RME"
rme_2022_q10,2022,10,"system_import_2024","",false,"","BECE 2022 RME"
rme_2022_q11,2022,11,"system_import_2024","",false,"","BECE 2022 RME"
rme_2022_q12,2022,12,"system_import_2024","",false,"","BECE 2022 RME"
rme_2022_q13,2022,13,"system_import_2024","",false,"","BECE 2022 RME"
rme_2022_q14,2022,14,"system_import_2024","",false,"","BECE 2022 RME"
rme_2022_q15,2022,15,"system_import_2024","",false,"","BECE 2022 RME"
rme_2022_q16,2022,16,"system_import_2024","",false,"","BECE 2022 RME"
rme_2022_q17,2022,17,"system_import_2024","",false,"","BECE 2022 RME"
rme_2022_q18,2022,18,"system_import_2024","",false,"","BECE 2022 RME"
rme_2022_q19,2022,19,"system_import_2024","",false,"","BECE 2022 RME"
rme_2022_q2,2022,2,"system_import_2024","",false,"","BECE 2022 RME"
rme_2022_q20,2022,20,"system_import_2024","",false,"","BECE 2022 RME"
rme_2022_q21,2022,21,"system_import_2024","",false,"","BECE 2022 RME"
rme_2022_q22,2022,22,"system_import_2024","",false,"","BECE 2022 RME"
rme_2022_q23,2022,23,"system_import_2024","",false,"","BECE 2022 RME"
rme_2022_q24,2022,24,"system_import_2024","",false,"","BECE 2022 RME"
rme_2022_q25,2022,25,"system_import_2024","",false,"","BECE 2022 RME"
rme_2022_q26,2022,26,"system_import_2024","",false,"","BECE 2022 RME"
rme_2022_q27,2022,27,"system_import_2024","",false,"","BECE 2022 RME"
rme_2022_q28,2022,28,"system_import_2024","",false,"","BECE 2022 RME"
rme_2022_q29,2022,29,"system_import_2024","",false,"","BECE 2022 RME"
rme_2022_q3,2022,3,"system_import_2024","",false,"","BECE 2022 RME"
rme_2022_q30,2022,30,"system_import_2024","",false,"","BECE 2022 RME"
rme_2022_q31,2022,31,"system_import_2024","",false,"","BECE 2022 RME"
rme_2022_q32,2022,32,"system_import_2024","",false,"","BECE 2022 RME"
rme_2022_q33,2022,33,"system_import_2024","",false,"","BECE 2022 RME"
rme_2022_q34,2022,34,"system_import_2024","",false,"","BECE 2022 RME"
rme_2022_q35,2022,35,"system_import_2024","",false,"","BECE 2022 RME"
rme_2022_q36,2022,36,"system_import_2024","",false,"","BECE 2022 RME"
rme_2022_q37,2022,37,"system_import_2024","",false,"","BECE 2022 RME"
rme_2022_q38,2022,38,"system_import_2024","",false,"","BECE 2022 RME"
rme_2022_q39,2022,39,"system_import_2024","",false,"","BECE 2022 RME"
rme_2022_q4,2022,4,"system_import_2024","",false,"","BECE 2022 RME"
rme_2022_q40,2022,40,"system_import_2024","",false,"","BECE 2022 RME"
rme_2022_q5,2022,5,"system_import_2024","",false,"","BECE 2022 RME"
rme_2022_q6,2022,6,"system_import_2024","",false,"","BECE 2022 RME"
rme_2022_q7,2022,7,"system_import_2024","",false,"","BECE 2022 RME"
rme_2022_q8,2022,8,"system_import_2024","",false,"","BECE 2022 RME"
rme_2022_q9,2022,9,"system_import_2024","",false,"","BECE 2022 RME"